Step,Action,Files Modified,Purpose
1,Install dependencies,requirements.txt,Add sympy and related packages
2,Create module structure,symbolic_computation/,Organize production code
3,Configure environment,.env,Set performance and security options
4,Integrate with agents,your_agent.py,Add symbolic computation capabilities
5,Add to tool registry,tool_registry.py,Register as available tool
6,Implement caching,config.py,Configure expression cache
7,Set up logging,logger.py,Enable structured logging
8,Deploy with Docker,docker-compose.yml,Containerize application
9,Add health checks,health_check.py,Monitor system health
10,Run tests,tests/,Ensure >80% coverage
