Metric,L9 Current,Frontier Labs,L9 as % of Frontier
Conversation Length (tokens),~128K (hard limit),Unbounded (virtual),~20%
Memory Consolidation,Manual only,Automatic (LLM-driven),0%
Token Cost per Session,No tracking,26% lower (Mem0),0%
Context Retrieval Latency (p95),~1.4s (Redis cache),~1.4s (Mem0) / 91% reduction,~100% (good!)
Agent Tool Audit Coverage,0% (not implemented),100% (auto-logged),0%
Evaluation Framework,None,Built-in (Vertex/Bedrock),0%
Cost Tracking Granularity,None,Per-call,0%
Session Persistence,No,Yes (stateful sessions),0%
Agent Self-Management,No,Yes (function calling),0%
Multi-Agent Coordination,Single coordinator,Swarm + hierarchical,~30%
